deal_id,titulo,pessoa,telefones,emails,evento,data,funil,dono,motivo_perda
460544,Cristian Vicari,Cristian Vicari,(47) 9233-3270,nakasushijlle@gmail.com,ganho,2026-07-14 23:49:41,Funil de Vendas,Letícia Rocha,
460198,Cristina,Cristina,(11)994448617,churrasconopoteipiranga@churrascoip.com.br,ganho,2026-07-14 23:09:12,Funil de Vendas,João Paulo Maciel,
460243,Jessica,Jessica,(11) 95215-5598,contatojesousa@gmail.com,ganho,2026-07-14 21:46:21,Funil de Vendas,Luan Nicolas,
458595,Garro pastelaria,Rafael Rodrigues,(15) 99639-3140,rafaeldasilvarodrigues1911@gmail.com,ganho,2026-07-14 20:16:49,Funil de Vendas,Leandro dos Santos,
460237,Francisco,Francisco,(21) 99900-0234,francisco.2006.vieira@gmail.com,ganho,2026-07-14 19:32:24,Funil de Vendas,Luan Nicolas,
460367,Grelha Burguer,Bruno Souto,(84) 99483-5957,bruno_emmanoel@hotmail.com,ganho,2026-07-14 18:37:27,Funil de Vendas,Taty Freitas,
460403,Jackmary de Holanda,Jackmary de Holanda,(84) 99620-2994,jachmaryholanda@gmail.com,ganho,2026-07-14 18:13:56,Funil de Vendas,Letícia Rocha,
460466,portal da pizza_,Danieli de Fátima Camargo,(42) 99833-6733,danielitopcorpus@gmail.com,ganho,2026-07-14 17:19:28,Funil de Vendas,João Paulo Maciel,
460093,Marcos Vinicio Camargo da Silva,Marcos Vinicio Camargo da Silva,(32) 98431-4496;(33) 99732-6124,marcoscooparao@hotmail.com,ganho,2026-07-14 17:19:08,Funil de Vendas,Ranier Oliveira,
459721,Marlon - Japa2,Marlon - Japa2,(48) 99131-5236,marloninouye@gmail.com,ganho,2026-07-14 16:57:50,Funil de Vendas,João Paulo Maciel,
460418,Esfiha So,Juan Sánchez,(31) 99844-4037,esfihaso@gmail.com,ganho,2026-07-14 16:54:33,Funil de Vendas,João Paulo Maciel,
460441,Zen sushi,Vinicius Ferreira,5511940728473,viiniciusferreira01@outlook.com,ganho,2026-07-14 16:51:06,[IA] Chatbot de SDR,Glauton Santos,
429804,Caio,Caio, 11 94268-9271,caiobenah1@gmail.com,ganho,2026-07-14 15:14:48,Funil de Vendas,Luan Nicolas,
460372,Thiago Farias Da Silva,Thiago Farias Da Silva,(92) 99509-6150,salaodebelezaestiloth@gmail.com,ganho,2026-07-14 14:58:10,Funil de Vendas,Letícia Rocha,
460280,Adega cedro,Joao Vitor Cedro Hernandes,(11) 92000-9777,joaocedro490az@gmail.com,ganho,2026-07-14 14:45:35,Funil de Vendas,João Paulo Maciel,
460344,Caseirinhos,Bruna Moraes,(11) 94178-4862,bggmcomercial@gmail.com,ganho,2026-07-14 14:42:31,Funil de Vendas,Luiz Moura,
460342,Matheus Reis,Matheus Reis,11 96492-9250,edsonlimalima856@gmail.com,ganho,2026-07-14 14:34:50,Funil de Vendas,João Paulo Maciel,
459406,Fernanda | Cocina Pesto e Cia,Fernanda | Cocina Pesto e Cia,(84) 99950-2555,a,ganho,2026-07-14 14:14:47,Funil de Vendas,Luan Nicolas,
460136,Buona Massa Pizzaria,Buona Massa Pizzaria,(34) 9177-0005,jps_uberlandia@hotmail.com,ganho,2026-07-14 13:00:16,Funil de Vendas,Letícia Rocha,
460258,Angélica Batiston Sabino,Angélica Batiston Sabino,(14) 99727-0541,angelicabatiston700@gmail.com,ganho,2026-07-14 12:57:53,Funil de Vendas,Letícia Rocha,
460300,Doradinhos,Jaqueline Lilia,5531994703928,jaquelinelilianbh@hotmail.com,ganho,2026-07-14 05:14:27,[IA] Chatbot de SDR,Glauton Santos,
460272,Itamassas,Francisco Alves Segundo,(83) 99141-2065,segundo200111@gmail.com,ganho,2026-07-13 22:34:12,Funil de Vendas,Leandro dos Santos,
460245,Artesanal na brasa jf,Ricardo Medeiros de matos,(32) 99806-2745,barbaramalta2101@gmail.com,ganho,2026-07-13 22:10:11,Funil de Vendas,Leandro dos Santos,
460140,Carrinho do açai 8010,Arthur Gil,(11) 99319-8514,acaigil8010@gmail.com,ganho,2026-07-13 22:01:43,Funil de Vendas,João Paulo Maciel,
459812,Mille Cuca Pinheiros,Mariana Matos,(19) 99839-9926,mariana_elucyd@hotmail.com,ganho,2026-07-13 21:19:29,Funil de Vendas,Leandro dos Santos,
415869,Telma’s gastronomia,Telma Toporovicz,(41) 99632-6701,thaytoporovicz2018@gmail.com,ganho,2026-07-13 20:51:47,Funil de Vendas,João Paulo Maciel,
460175,Raiza,Raiza,61 98276-1537,rubinhoexpressbsb@gmail.com,ganho,2026-07-13 19:59:06,Funil de Vendas,Miguel Nunes,
460076,Pizzaria Oliver's,Edson Dias,5562991183046,edsonbatistadeoliveira44@gmail.com,ganho,2026-07-13 18:14:40,[IA] Chatbot de SDR,Glauton Santos,
459439,Jc alimentos e delivery,João Oliveira,(24) 99859-8182,casorellaartesanal@gmail.com,ganho,2026-07-13 18:10:28,Funil de Vendas,Leandro dos Santos,
457828,Victoria Mota,Victoria Mota,(61) 98594-9536,vicmota-@hotmail.com,ganho,2026-07-13 18:07:12,Funil de Vendas,Rebeca Cabral,
459312,Josué,Josué,(49) 98435-1510,a,ganho,2026-07-13 17:54:12,Funil de Vendas,Luan Nicolas,
460100,Sentimentosnacesta,Marya Eduarda,(24) 97402-6868,gdmdeise@gmail.com,ganho,2026-07-13 17:25:56,Funil de Vendas,Miguel Nunes,
460039,Disk larica,MARILTON CONCEICAO DE SOUSA JUNIOR,(75) 98835-8413,marilton.jr@gmail.com,ganho,2026-07-13 17:20:40,Funil de Vendas,Luan Nicolas,
442501,Benincasa,Glauco Fiorot,(27) 99871-0777,benincasapadaria@gmail.com,ganho,2026-07-13 16:21:04,Funil de Vendas,Guilherme Gomes,
460064,Eder Souza,Eder Souza,(17) 99122-2354,luiz.medeiros@cardapioweb.com,ganho,2026-07-13 14:26:46,Funil de Vendas,Luiz Moura,
460007,Panda Sabores,Thaís Vilela,5511933829144,thatavilela84@gmail.com,ganho,2026-07-13 14:23:22,[IA] Chatbot de SDR,Glauton Santos,
459412,Sarah - Helô Cookies,Sarah - Helô Cookies,(48) 99972-5690,danielemmertzdelima@gmail.com,ganho,2026-07-13 14:06:56,Funil de Vendas,João Paulo Maciel,
459556,HUGO LEONARDO CASSIANO DE ALBUQUERQUE,HUGO LEONARDO CASSIANO DE ALBUQUERQUE,(77) 99801-2470,hugolca.hlcda@gmail.com,ganho,2026-07-13 12:59:51,Funil de Vendas,Rebeca Cabral,
459792,Rizzard,Robert Rodrigues,(41) 99875-6376,rizzardsjp@outlook.com,ganho,2026-07-13 12:46:28,Funil de Vendas,Leandro dos Santos,
459778,Espeto do sul - Farolandia,Carol Soares,(79) 99939-9500,carolinesoares0312@hotmail.com,ganho,2026-07-13 12:35:29,Funil de Vendas,Leandro dos Santos,
437534,Arena Bob,Jonathan,(21) 96545-6597,bjonathan446@gmail.com,ganho,2026-07-12 18:56:57,Funil de Vendas,João Paulo Maciel,
459896,Barsan Doces e Salgados,Roberta Barcelos,5521995246941,barsan_fabrica@hotmail.com,ganho,2026-07-11 23:19:45,[IA] Chatbot de SDR,Glauton Santos,
459879,Sampa Burguer,Priscila Salviano,5547999123775,priscilarpsaviano@gmail.com,ganho,2026-07-11 17:52:09,[IA] Chatbot de SDR,Glauton Santos,
457755,Thauan da Silva Brito,Thauan da Silva Brito,(71) 99194-7161,dalhedelivery@hotmail.com,ganho,2026-07-10 20:43:54,Funil de Vendas,Letícia Rocha,
459759,Izadora Maria Pimentel Bezerra,Izadora Maria Pimentel Bezerra,(85) 98645-1980,mitspastel.jurema@gmail.com,ganho,2026-07-10 20:09:08,Funil de Vendas,Letícia Rocha,
459766,Pedro Guilherme,Pedro Guilherme,(31) 99950-6565,mariatunicabistro2@gmail.com,ganho,2026-07-10 19:06:39,Funil de Vendas,Gustavo Duarte Pinheiro Silva,
455831,Pedro Guilherme - Maria Tunica,Pedro Guilherme,(31) 99950-6565,mariatunicabistro2@gmail.com,ganho,2026-07-10 19:04:43,Funil de Vendas,Gustavo Duarte Pinheiro Silva,
459761,Susane de Oliveira,Susane de Oliveira,(17) 99661-3527,casadasusepizzaria@gmail.com,ganho,2026-07-10 18:56:16,Funil de Vendas,Taty Freitas,
458813,Fabio,Fabio,(49) 98826-9391,luiz.medeiros@cardapioweb.com,ganho,2026-07-10 18:38:41,Funil de Vendas,Luiz Moura,
459472,Wanderson Dourado - La Bonna,Wanderson Dourado - La Bonna,(19) 98255-2291,dayadourado@hotmail.com,ganho,2026-07-10 18:20:52,Funil de Vendas,Luan Nicolas,
459670,Forno De Goiás,Adrielle Gomes, 61 99234-4610,comercialfornodegoias@gmail.com,ganho,2026-07-10 17:56:22,Funil de Vendas,Leandro dos Santos,
459447,Marina | Jardins Restaurante,Marina | Jardins Restaurante,(81) 99976-7262,casaraodelivery26@gmail.com,ganho,2026-07-10 14:27:11,Funil de Vendas,Luan Nicolas,
459658,JUMA PASTO & PIZZA,Polyana Silva,(41) 98455-0707,polyanasilva685@gmail.com,ganho,2026-07-10 14:11:20,Funil de Vendas,Guilherme Gomes,
459647,Betinho Mazoli,Betinho Mazoli,(21) 98847-0800,mcalmon.roberto@gmail.com,ganho,2026-07-10 14:09:24,Funil de Vendas,Luan Nicolas,
459646,RESTAURANTE MANGUE SECO ANGRA LTDA,FELIPE,(24) 99998-4949,manguesecoangra@gmail.com,ganho,2026-07-10 13:35:10,Funil de Vendas,Gustavo Duarte Pinheiro Silva,
459405,Casa Sarang,Uni,(47) 99202-2864,lee.uni@hotmail.com,ganho,2026-07-10 11:35:07,Funil de Vendas,Rebeca Cabral,
459598,Vulcão Pizzaria,Wesley Tavares,5588993644293,wesleytavares162@gmail.com,ganho,2026-07-10 02:34:26,[IA] Chatbot de SDR,Glauton Santos,
459195,Sabor maneiro,Eliel Figueiredo Dos Santos,(21) 98052-2823,leandropallos@yahoo.com.br,ganho,2026-07-09 22:36:16,Funil de Vendas,João Paulo Maciel,
458781,ADOCEE DE PONTA NEGRA,ADOCEE DE PONTA NEGRA,(84) 99705-6330,a,ganho,2026-07-09 22:22:02,Funil de Vendas,João Paulo Maciel,
459440,Ruan Wendel,Ruan Wendel,(85) 99125-9251,rayanasilva.loja@gmail.com,ganho,2026-07-09 22:15:50,Funil de Vendas,João Paulo Maciel,
458229,Fina massa,Willlam Carpes,(55) 99702-1502,william_carpes@icloud.com,ganho,2026-07-09 22:14:39,Funil de Vendas,Guilherme Gomes,
459507,EMANUELE OLIVEIRA,EMANUELE OLIVEIRA,(21) 99391-7415,,ganho,2026-07-09 20:44:44,Funil de Vendas,Rebeca Cabral,
459512,Myllena bezerra,Myllena bezerra,(21) 97429-5064,mymiguel09@icloud.com,ganho,2026-07-09 20:27:57,Funil de Vendas,Ranier Oliveira,
459518,IB BURGER,Fabio Franco Santos,(19) 99279-4158,nfe.ibburger@hotmail.com,ganho,2026-07-09 19:22:25,Funil de Vendas,Leandro dos Santos,
459499,cerrado hamburguerua,Renata Rodrigues,(67) 99254-2534,cerradohamburgueria@gmail.com,ganho,2026-07-09 19:11:51,Funil de Vendas,Gustavo Duarte Pinheiro Silva,
459503,Junior,Junior,(19) 98221-8262,...,ganho,2026-07-09 19:09:05,Funil de Vendas,João Paulo Maciel,
459504,Reimário Mineirinho,Reimário Mineirinho,(38) 99961-7404,mineirinhoacaiesorvetes@gmail.com,ganho,2026-07-09 18:53:54,Funil de Vendas,João Paulo Maciel,
459487,Ítalo Cabral- CABRAL PIZZA,Ítalo Cabral- CABRAL PIZZA,(71) 98772-5590,italocabral39@gmail.com,ganho,2026-07-09 18:49:38,Funil de Vendas,João Paulo Maciel,
459364,ELIEZER - Milk Moo,ELIEZER - Milk Moo,(15) 99631-0303,ebergara@bol.com.br,ganho,2026-07-09 18:38:08,Funil de Vendas,João Paulo Maciel,
459427,Zuky Sushi,Eduardo José,(98) 98894-4502,eduardo.zuky1982@gmail.com,ganho,2026-07-09 17:34:55,Funil de Vendas,Leandro dos Santos,
459456,Chokilícia,Felícia de freitas assis sarkis,(24) 99942-5049,chokilicia@gmail.com,ganho,2026-07-09 17:14:15,Funil de Vendas,Gustavo Duarte Pinheiro Silva,
458629,Gs Burguer,Jefferson Gonçalves da Rocha,(31) 99989-3490,jefersonrocha451@gmail.com,ganho,2026-07-09 15:18:19,Funil de Vendas,Luan Nicolas,
455856,Letícia - Ossala,Letícia - Ossala,(51) 99202-1111,a,ganho,2026-07-09 15:15:44,Funil de Vendas,Luan Nicolas,
457427,OC Burguer,Ana Lis Azevedo,(11) 97023-5158,ana.lisazevedo@hotmail.com,ganho,2026-07-09 14:55:33,Funil de Vendas,Ranier Oliveira,
346338,Bella Reis doces artesanais,Isabella Ribeiro,(11) 95453-5501,dejaisa1802@outlook.com,ganho,2026-07-09 14:10:55,Funil de Vendas,Letícia Wendy,
459214,Ipava Acaiteria,Felipe Pereira da Silva,(11) 94035-2863,ipavaacaiteria@gmail.com,ganho,2026-07-09 13:59:39,Funil de Vendas,Leandro dos Santos,
459245,Toscana galeteria,Nattalia,(51) 99473-3131,nattaliabrair@hotmail.com,ganho,2026-07-09 13:54:53,Funil de Vendas,Luan Nicolas,
459402,Quentinhas da Luana,Luana fiuza,(37) 99131-8657;(37) 99662-0779;(37) 9662-0779,luaninhafiuza.lf@gmail.com,ganho,2026-07-09 13:52:49,Funil de Vendas,Ranier Oliveira,
459140,Anne,Anne,(51) 98913-7270,wallaueranne@gmail.com,ganho,2026-07-09 13:49:30,Funil de Vendas,Luan Nicolas,
454865,Rústico foods,MARCELO MARQUES DUARTE,(35) 93300-8054;(35) 99752-8152,marceloduarterpt@gmail.com,ganho,2026-07-09 13:21:53,Funil de Vendas,Ranier Oliveira,
459367,Luiz,Luiz,(31) 99317-5225,luizcanunes88@gmail.com,ganho,2026-07-09 13:15:52,Funil de Vendas,Gustavo Duarte Pinheiro Silva,
458400,Ferreira,Ferreira,(48) 99940-0690,ferreiracomercial50@gmail.com,ganho,2026-07-09 12:43:00,Funil de Vendas,Letícia Rocha,
458670,Dell,wennethon eslau,(81) 99677-2720,wennethon@gmail.com,ganho,2026-07-09 12:42:42,Funil de Vendas,João Paulo Maciel,
457369,principia marnetaria,Eliazar Pardo,5516997151130;(16) 99706-1131;(16) 99715-1130,eliazarpardo19@gmail.com,ganho,2026-07-09 12:41:54,Funil de Vendas,Rebeca Cabral,
455294,Pizzaria Yupes,Thayna,(27) 99736-2653,yupespizzaria@gmail.com,ganho,2026-07-09 12:21:57,Funil de Vendas,Gustavo Duarte Pinheiro Silva,
459085,Keila,Keila,(21) 98849-8599,,ganho,2026-07-09 11:52:03,Funil de Vendas,Rebeca Cabral,
458262,Reis Burguer,Rafaela Soares,(35) 99887-6209,reissolucoes22@gmail.com,ganho,2026-07-09 03:00:00,Funil de Vendas,Rebeca Cabral,
459066,Diego - Tokay Búzios,Diego - Tokay Búzios,(32) 98898-0102,tokaybuzios@gmail.com,ganho,2026-07-09 02:56:45,Funil de Vendas,João Paulo Maciel,
460610,Da graca,Marcio ferreira,5521969057759,marciorest@hotmail.com,perdido,2026-07-15 10:31:01,[IA] Chatbot de SDR,Glauton Santos,[IS][N] Lead não tem orçamento
458341,Binho Lanches,Binho Alfama,5555991400579,binho.alfama@gmail.com,perdido,2026-07-15 03:00:45,[IA] Chatbot de SDR,Glauton Santos,[IS] Lead nunca respondeu às tentativas de contato
458328,Boteco Sr Expedito,botecosantoexpedito@gmail.com,5515996901892,botecosantoexpedito@gmail.com,perdido,2026-07-15 03:00:43,[IA] Chatbot de SDR,Glauton Santos,[IS][N] Lead quer fechar no futuro
458095,Hambolo,Victor Rios,558699588672,doceriahambolo@gmail.com,perdido,2026-07-15 03:00:40,[IA] Chatbot de SDR,Glauton Santos,[IS] Lead nunca respondeu às tentativas de contato
460263,Pizzaria sabor que fica,Ana clesia,(94) 99903-8193,anaclesiabezerra@gmail.com,perdido,2026-07-14 19:10:27,Funil de Vendas,Taty Freitas,[IS] No-show
456421,[BASE GREGORY] José Borges,José Borges,(89) 99457-6873,-,perdido,2026-07-14 17:27:24,Funil de Vendas,Leandro dos Santos,[IS][N] Lead recebeu última tentativa de contato
460426,Mini vulcão da tata,ROMARIO CESAR DA CRUZ,(21) 96576-9847,romariocesarnovo3@gmail.com,perdido,2026-07-14 17:08:14,Funil de Vendas,Rebeca Cabral,[IS] No-show
460084,Marly Santana,Marly Santana,(75) 98142-2068,marlysantana2612@gmail.com,perdido,2026-07-14 13:32:12,Funil de Vendas,Luiz Moura,[IS][N] Lead não tem orçamento
459999,Chapa quente,Euller Rodrigues Matos,5531982635847,eullerttr230@gmail.com,perdido,2026-07-14 11:41:04,[IA] Chatbot de SDR,Glauton Santos,[IS][N] Não é prioridade
459762,Galeria do Açaí,Sarah,(99) 99153-2351,sarahrichelly87@gmail.com,perdido,2026-07-13 21:22:13,Funil de Vendas,Luiz Moura,[IS] No-show
460218,Velutto Gourmet,Débora Romão,5511942863519,deborabelavista@gmail.com,perdido,2026-07-13 21:10:59,[IA] Chatbot de SDR,Glauton Santos,[IS][N] Lead não tem orçamento
460095,Natália,Natália,(31) 99670-2772,,perdido,2026-07-13 19:41:28,Funil de Vendas,Rebeca Cabral,[IS] No-show
460111,Debora Perfeito Sem Gluten,Debora Perfeito Sem Gluten,(19) 97110-9849,,perdido,2026-07-13 19:23:51,Funil de Vendas,Rebeca Cabral,[IS] No-show
460161,Tinder lanches,Anderson Oliveira,5583999795292,jf885656@gmail.com,perdido,2026-07-13 19:21:00,[IA] Chatbot de SDR,Glauton Santos,[IS][N] Lead não tem orçamento
460119,Encanto da pipoca,Tamiris ferreira,5548996454613,tamirisf090@gmail.com,perdido,2026-07-13 17:40:58,[IA] Chatbot de SDR,Glauton Santos,[IS][N] Lead não tem orçamento
460101,Delícias de Fatias,Amanda Duarte,5519982334704,duartesantos8181@gmail.com,perdido,2026-07-13 16:21:01,[IA] Chatbot de SDR,Glauton Santos,[ON] Produto não atende
460072,Pipoca gourmet,Raymires Sarges,5567999221375,raymiressarges@gmail.com,perdido,2026-07-13 15:11:15,[IA] Chatbot de SDR,Glauton Santos,[IS][N] Lead não tem orçamento
453819,Delícias da Angela,Delícias da Angela,(11) 98275-4933,,perdido,2026-07-13 14:19:42,Funil de Vendas,Rebeca Cabral,[RH] Deixou de responder
450202,Darlin Darlen de Castro pires,Darlin Darlen de Castro pires,(85) 98803-6410,,perdido,2026-07-13 14:14:47,Funil de Vendas,Rebeca Cabral,[RH] Deixou de responder
460041,sabor do espeto,jovenil Silva reduzino,5522999319529,jovenil165@gmail.com,perdido,2026-07-13 14:01:00,[IA] Chatbot de SDR,Glauton Santos,[IS][N] Não é prioridade
434955,[BASE GREGORY] Universal Franchising - Franquia,Gabriel,35 9777-0188;(35) 99777-0188;(35) 99871-8784,thierry.nanetti@universalfranchising.com.br,perdido,2026-07-13 13:43:32,Funil de Vendas,Leandro dos Santos,[IS][N] Lead recebeu última tentativa de contato
449223,Multigreen ltda,RONALD SCHEFLER,(11) 98326-8353,rschefler@gmail.com,perdido,2026-07-13 13:38:41,Funil de Vendas,Rebeca Cabral,[IS][N] Lead não tem orçamento
459602,Vulcão Pizzaria (cópia),Wesley Tavares,5588993644293,wesleytavares162@gmail.com,perdido,2026-07-13 13:26:10,Funil de Vendas,Letícia Wendy,[IS] No-show
460023,Ponto do churrasco,Alana ribeiro Borges,5571984208272,krtsuyrir@gmail.com,perdido,2026-07-13 11:21:08,[IA] Chatbot de SDR,Glauton Santos,[IS][N] Lead não tem orçamento
460019,Doçuras da fer,Fernanda cordeiro,5541998516899,calazansfernanda53@gmail.com,perdido,2026-07-13 05:41:05,[IA] Chatbot de SDR,Glauton Santos,[IS][N] Lead não tem orçamento
460011,Gislene Confeitaria,Gislene Ferreira,5585986685560,lenynha.silva79@gmail.com,perdido,2026-07-13 02:40:57,[IA] Chatbot de SDR,Glauton Santos,[IS][N] Lead não tem orçamento
460004,Confeitaria da lu,Luana Aparecida,5511970405403,parecidaluana6@gmail.com,perdido,2026-07-13 01:40:57,[IA] Chatbot de SDR,Glauton Santos,[IS][N] Lead não tem orçamento
459996,Delícias da Klau,Cláudia,5521993959557,escorpiana044@gmail.com,perdido,2026-07-13 00:20:58,[IA] Chatbot de SDR,Glauton Santos,[IS][N] Lead não tem orçamento
459993,Florea Atelier,Michael,5533998165671,mecmichaff@gmail.com,perdido,2026-07-12 23:50:59,[IA] Chatbot de SDR,Glauton Santos,[ON] Produto não atende
459988,Tay doces,Taiana dos Santos Cardoso torneiro,5524988466140,tay465738@gmail.com,perdido,2026-07-12 23:01:01,[IA] Chatbot de SDR,Glauton Santos,[IS][N] Lead não tem orçamento
459984,Açaí da Ari,Ailton,5562981654452,ailtonjeremias19@gmail.com,perdido,2026-07-12 22:41:23,[IA] Chatbot de SDR,Glauton Santos,[IS][N] Lead não tem orçamento
459986,MESO Bebidas,Jean Silva,5516981352397,jeancarlos.rodrigues@gmail.com,perdido,2026-07-12 22:40:58,[IA] Chatbot de SDR,Glauton Santos,[IS][N] Lead não tem orçamento
459941,Tropical Açai,Eliane Cristina Amorim de Almeida,5519989044377,amorimeliane610@gmail.com,perdido,2026-07-12 13:40:59,[IA] Chatbot de SDR,Glauton Santos,[IS][N] Lead não tem orçamento
459935,Prefeitura,Filipe da Silva Oliveira,5511943070154,santosfrancisca951@gmail.com,perdido,2026-07-12 10:50:57,[IA] Chatbot de SDR,Glauton Santos,[IS][N] Não é prioridade
459911,Doces da Lu,Lucinara Hoerlle,5551997372894,lucinarahoerlle@hotmail.com,perdido,2026-07-12 01:31:00,[IA] Chatbot de SDR,Glauton Santos,[IS][N] Lead não tem orçamento
459886,Assim assado,Marcela,5533998294065,marcelajesusmaju@gmail.com,perdido,2026-07-11 18:40:57,[IA] Chatbot de SDR,Glauton Santos,[IS][N] Lead não tem orçamento
459884,Brasax_Burguer,Jean Bispo,5574999319616,Bispojean18@gmail.com,perdido,2026-07-11 18:20:58,[IA] Chatbot de SDR,Glauton Santos,[IS][N] Lead não tem orçamento
459867,Le pudim,Leticia chicoria,5516991050601,lechicoria@icloud.com,perdido,2026-07-11 15:10:58,[IA] Chatbot de SDR,Glauton Santos,[IS][N] Lead não tem orçamento
459861,dona val batataria,Felyx Nettho,5585988925031,contatosnettho@hotmail.com,perdido,2026-07-11 14:11:09,[IA] Chatbot de SDR,Glauton Santos,[IS][N] Lead não tem orçamento
459853,Mãos de fada . A magia dos sabores,Erika Frederico Chercopp,5519986046915,erika.civil@hotmail.com,perdido,2026-07-11 11:50:57,[IA] Chatbot de SDR,Glauton Santos,[IS][N] Lead não tem orçamento
459836,Do lar,Valesca M G,5553984138175,valescamendes38@gmail.com,perdido,2026-07-11 04:50:57,[IA] Chatbot de SDR,Glauton Santos,[IS][N] Lead não tem orçamento
459832,Poppin’s,Isabel Melo,5521999620382,contatopoppins01@gmail.com,perdido,2026-07-11 03:10:57,[IA] Chatbot de SDR,Glauton Santos,[IS][N] Lead não tem orçamento
459827,Adega do morro,João Luciano,5512992022307,joaohatake123@gmail.com,perdido,2026-07-11 01:20:57,[IA] Chatbot de SDR,Glauton Santos,[IS][N] Lead não tem orçamento
459810,Jomon japa,Sandro Luiz,5581994432987,sandrosouza747@gmail.com,perdido,2026-07-10 22:30:58,[IA] Chatbot de SDR,Glauton Santos,[IS][N] Lead não tem orçamento
457131,Patricia,Patricia,(24) 99267-0667,ps3211543@gmail.com,perdido,2026-07-10 21:30:16,Funil de Vendas,Guilherme Gomes,[IS][N] Lead desapareceu (estava engajado e sumiu de repente)
459807,AVANTE TECNOLOGIA LTDA,AVANTE TECNOLOGIA,(73) 98125-2831,avvantesistemas.ps@gmail.com,perdido,2026-07-10 21:20:58,Funil de Vendas,Rebeca Cabral,[IS] No-show
457676,Gust burger,Gustavo Muramatsu,(15) 99815-4979,gustavo_muramatsu@hotmail.com,perdido,2026-07-10 21:10:07,Funil de Vendas,Cleber Rodrigues,[REP] Sem interesse no momento
459733,teste espetinho,Gerardo Magalhães,(85) 99852-7861,gerardo.m.magalhaes@gmail.com,perdido,2026-07-10 21:06:54,Funil de Vendas,Gustavo Duarte Pinheiro Silva,[IS] Lead duplicado
459754,Saboratto confeitaria,Sarah mendes,5585988458013,Sarahmendes768102sp@gmail.com,perdido,2026-07-10 19:41:03,[IA] Chatbot de SDR,Glauton Santos,[IS][N] Lead não tem orçamento
459744,Bugado Burger,Guilherme Santos,(21) 99128-7211,guilhermesantos21@live.com,perdido,2026-07-10 18:52:55,Funil de Vendas,Guilherme Gomes,[IS] No-show
459723,Pop Manguita,Adrielly Karina,5581989020230,popmanguita@gmail.com,perdido,2026-07-10 17:41:07,[IA] Chatbot de SDR,Glauton Santos,[IS][N] Lead não tem orçamento
459535,Pizzaria daHora,Rubens,(91) 98632-2078;(91) 98585-8477,pizzadahora2520@gmail.com,perdido,2026-07-10 17:39:33,Funil de Vendas,Rebeca Cabral,[IS] No-show
459640,Ateliê D'churros,Djalmira Lucio,5511930370083,seumimos@gmail.com,perdido,2026-07-10 12:31:09,[IA] Chatbot de SDR,Glauton Santos,[IS][N] Lead não tem orçamento
459421,Alternativas burger,Leonardo Guedes,(51) 99779-9309,leoguedes95@gmail.com,perdido,2026-07-10 12:30:17,Funil de Vendas,Leandro dos Santos,[IS] No-show
459634,Ateliê Éve bolos e doces,Evelin geovana,5511944636360,evelin48012@gmail.com,perdido,2026-07-10 10:40:57,[IA] Chatbot de SDR,Glauton Santos,[IS][N] Lead não tem orçamento
459608,Espertos&sandubariadogordo,José Fabrício Silva Gama,5582981921560,fabriciogama1995@gmail.com,perdido,2026-07-10 06:01:00,[IA] Chatbot de SDR,Glauton Santos,[IS][N] Lead não tem orçamento
459606,Eclipse bordados,Maria Eduarda custodio da cruz,5562993392524,mayu19827@gmail.com,perdido,2026-07-10 04:51:02,[IA] Chatbot de SDR,Glauton Santos,[ON] Produto não atende
459595,Delícias da Re Confeitaria,Renata Tenório da Costa,5521993059370,sophieesarahlanches@gmail.com,perdido,2026-07-10 02:11:01,[IA] Chatbot de SDR,Glauton Santos,[IS][N] Lead não tem orçamento
459561,Nalucake Doces e Salgados,Anna Luiza Nascimento Gabriel,5521987677420,nalucake@gmail.com,perdido,2026-07-09 22:40:57,[IA] Chatbot de SDR,Glauton Santos,[IS][N] Lead não tem orçamento
453288,[BASE GREGORY] Carlos Roberto,Carlos Roberto,(83) 98676-2439,-,perdido,2026-07-09 20:50:49,Funil de Vendas,Leandro dos Santos,[IS][N] Lead não tem orçamento
459523,Médico na mão,Renato Abreu de Vargas,5554981150456,renatoavargas@gmail.com,perdido,2026-07-09 20:41:01,[IA] Chatbot de SDR,Glauton Santos,[ON] Produto não atende
459505,Thagis Açaiteria,Thalis Alves,5585984847537,thalysalves28@gmail.com,perdido,2026-07-09 19:51:04,[IA] Chatbot de SDR,Glauton Santos,[IS][N] Lead não tem orçamento
459493,Diamante custódio chocolates,Márcia Elisa Melo custódio,5551986189352,elisamelocustodio@hotmail.com,perdido,2026-07-09 19:21:00,[IA] Chatbot de SDR,Glauton Santos,[IS][N] Lead não tem orçamento
459434,Nobre’s pizzas,Anderson nobre,5551995445136,anderzin196@gmail.com,perdido,2026-07-09 16:30:58,[IA] Chatbot de SDR,Glauton Santos,[IS][N] Lead não tem orçamento
459426,IMPÉRIO DA CHAPA,VITOR HUGO DA SILVA DOS SANTOS,5544991742500,vhug6739@gmail.com,perdido,2026-07-09 16:11:07,[IA] Chatbot de SDR,Glauton Santos,[IS][N] Não é prioridade
457442,Dani,Dani,(79) 98892-2956,danisouzalis23@gmail.com,perdido,2026-07-09 14:40:51,Funil de Vendas,Guilherme Gomes,[IS][N] Lead desapareceu (estava engajado e sumiu de repente)
459377,Auroque burguer,Adrielly Cristine,5581984949934,adriellycristinedebritosilva@gmail.com,perdido,2026-07-09 14:10:58,[IA] Chatbot de SDR,Glauton Santos,[IS][N] Lead não tem orçamento
458211,Anthony´s Pizza,SÉRGIO ALVES ARCANGELO,(14) 99126-7233,contato.sthenos@gmail.com,perdido,2026-07-09 14:03:26,Funil de Vendas,Luan Nicolas,[IS] No-show
459374,Comida caseira da Carina,Carina Pinto Rodrigues,5521973061181,carina.rodrigues.9615566@gmail.com,perdido,2026-07-09 14:01:01,[IA] Chatbot de SDR,Glauton Santos,[IS][N] Lead não tem orçamento
457528,Marmitô,Fernando Rodrigues,(85) 98870-1116,feernandomatt@gmail.com,perdido,2026-07-09 13:15:29,Funil de Vendas,Rebeca Cabral,[IS] Lead entrou em contato por engano
459200,Açaí ponto 6 (cópia),Dayane araujo Fernandes,5594992579228,dayaraujofernandes@gmail.com,perdido,2026-07-09 13:06:32,Funil de Vendas,Letícia Wendy,[IS] No-show
454808,Vívian lanches,Igor da Cruz,(16) 99616-7458,igor.cruz77@hotmail.com,perdido,2026-07-09 13:01:06,Funil de Vendas,Rebeca Cabral,[IS][N] Lead perdeu o interesse no momento
454618,Açaí da Barra Mairiporã,ALINE MORAIS COSTA SANTOS,(14) 99182-3586,acaidabarramairipora@gmail.com,perdido,2026-07-09 12:52:07,Funil de Vendas,Guilherme Gomes,[IS][N] Lead desapareceu (estava engajado e sumiu de repente)
455790,MC de Paula,Maria Carla Dias,(11) 98924-6695,gastronomia.mcpsd@gmail.com,perdido,2026-07-09 12:51:18,Funil de Vendas,Rebeca Cabral,[RH] Deixou de responder
454441,Casa do norte Mossoró,freitas,(11) 94554-3460,railson_freitas@hotmail.com,perdido,2026-07-09 12:47:22,Funil de Vendas,Guilherme Gomes,[IS][N] Lead desapareceu (estava engajado e sumiu de repente)
459348,Laridocelari,Larissa Siqueira,5512982325130,larissasiqueira562@gmail.com,perdido,2026-07-09 12:41:14,[IA] Chatbot de SDR,Glauton Santos,[IS][N] Não é prioridade
459349,Doce Bombons,Emily Cristine Ramos,5531983222506,bombonsdoce2@gmail.com,perdido,2026-07-09 12:41:00,[IA] Chatbot de SDR,Glauton Santos,[IS][N] Lead não tem orçamento
459121,Forno 360,Edimar lira,(91) 98187-9193,forno360.pizzaria2026@gmail.com,perdido,2026-07-09 12:36:36,Funil de Vendas,Rebeca Cabral,[IS] No-show
458221,Fellipe Meck,Fellipe Meck,(67) 99157-4927,felippemeck@gmail.com,perdido,2026-07-09 12:26:02,Funil de Vendas,Gustavo Duarte Pinheiro Silva,[IS] Prospect sem interesse
458940,Flor de Caramello,Flor de Caramello,(31) 99464-9526,Ludmila1399@hotmail.com,perdido,2026-07-09 12:23:23,Funil de Vendas,Letícia Wendy,[IS] No-show
459331,Potêa Pudins,Jacqueline,5518991701135,jacquesilva4074@gmail.com,perdido,2026-07-09 06:01:00,[IA] Chatbot de SDR,Glauton Santos,[IS][N] Lead não tem orçamento
459316,Delicias_da_jade_,Zeneide Oliveira,5569992291544,zeneideoliveira595@gmail.com,perdido,2026-07-09 03:01:01,[IA] Chatbot de SDR,Glauton Santos,[IS][N] Lead não tem orçamento
