ID,Sprint,Responsável,Nome curto,Link Jira,Status,Link documentação,Data início,Data término,Resultado,Métrica,Baseline,25-mai.,26-mai.,27-mai.,28-mai.,29-mai.,30-mai.,31-mai.,01-jun.,02-jun.,03-jun.,04-jun.,05-jun.,06-jun.,07-jun.,08-jun.,09-jun.,10-jun.,11-jun.,12-jun.,13-jun.,14-jun.,15-jun.,16-jun.,17-jun.,18-jun.,19-jun.,20-jun.,21-jun.,22-jun.,23-jun.,24-jun.,25-jun.,26-jun.,27-jun.,28-jun.,29-jun.,30-jun.
EXP-15,SM-28,Alexandre,1º follow-up em áudio (Clara IA),https://cardapio-web.atlassian.net/browse/GWT-2622,Concluído,https://cardapio-web.atlassian.net/wiki/spaces/~712020cde304527b4a4c2e8157db30922c0784/pages/1989279748/An+lise+de+Hip+teses+Alexandre,06/06/2026,13/06/2026,Validada,Taxa de resposta ao 1º follow-up,"20,5",,,,,,,,,,,,,"39,10%","63,60%","22,00%","21,90%","37,80%","30,40%",0%,"16,70%",,,,,,,,,,,,,,,,,
EXP-16,SM-28,Alexandre,Apresentação do plano mensal (R$ 209 boleto) vs. anual,https://cardapio-web.atlassian.net/browse/GWT-2645,Concluído,https://cardapio-web.atlassian.net/wiki/spaces/MAR/pages/2001502226/P+s-mortem+Apresenta+o+do+plano+mensal+R+209+boleto+vs.+anual,09/06/2026,18/06/2026,Validada,Taxa de agendamento de reunião (após qualificação),"5,37%",,,,,,,,,,,,,,,,"0,00%","0,00%","0,00%",0%,"5,80%","1,60%","3,15%","0,00%","0,00%","0,00%",,,,,,,,,,,,
,,Alexandre,Apresentação do plano Mensal (R$ 209 boleto),https://cardapio-web.atlassian.net/browse/GWT-2645,,,,,Validada,,,,,,,,,,,,,,,,,,0%,"2,40%","7,30%",0%,0%,0%,"10,00%","3,10%","0,00%","2,00%",,,,,,,,,,,,
,,Alexandre,Apresentação do plano Anual,https://cardapio-web.atlassian.net/browse/GWT-2645,,,,,Validada,,,,,,,,,,,,,,,,,,"4,70%","2,30%","2,40%",0%,"5,80%","1,60%","4,70%","0,00%","0,00%","2,00%",,,,,,,,,,,,
EXP-23,SM-29,Alexandre,Resposta da Clara traduzindo o retorno na realidade do segmento,https://cardapio-web.atlassian.net/browse/GWT-2730,Concluído,https://cardapio-web.atlassian.net/wiki/spaces/MAR/pages/2007236609/P+s-mortem+Resposta+da+Clara+traduzindo+o+ROI+na+realidade+do+segmento,13/06/2026,20/06/2026,Refutada,Taxa de agendamento de reunião nichada(após qualificação),"3,20%",,,,,,,,,,,,,,,,,,,,"2309300,00%","0,00%","0,00%","0,00%","0,00%","0,00%","0,00%","0,00%",,,,,,,,,,
,,Alexandre,Pizzaria,,,,,,,,"2,60%",,,,,,,,,,,,,,,,,,,,0%,-,-,"0,00%",-,-,"0,00%",-,,,,,,,,,,
,,Alexandre,Hamburgueria,,,,,,,,"3,40%",,,,,,,,,,,,,,,,,,,,"100,00%",-,"0,00%",-,"0,00%","0,00%","0,00%",-,,,,,,,,,,
,,Alexandre,Pastelaria,,,,,,,,"3,60%",,,,,,,,,,,,,,,,,,,,-,"0,00%","0,00%",-,"0,00%",-,-,-,,,,,,,,,,
EXP-14,SM-28,Alexandre,Teste de modelo de IA da Clara (atual vs. V4 Flash),https://cardapio-web.atlassian.net/browse/GWT-2620,Concluído,https://cardapio-web.atlassian.net/wiki/x/AoBHdw,15/06/2026,22/06/2026,Refutada,Taxa de agendamento de reunião (após qualificação),"5,37%",,,,,,,,,,,,,,,,,,,,,,"6,30%",,,,,,,,,,,,,,,
,,Alexandre,Gpt,,,,,,,,,,,,,,,,,,,,,,,,,,,,,,"9,10%",,,,,,,,,,,,,,,
,,Alexandre,V4 Flash,,,,,,,,,,,,,,,,,,,,,,,,,,,,,,"4,80%",,,,,,,,,,,,,,,
EXP-19,SM-29,Alexandre,Abertura da Clara citando dor específica por segmento do lead,https://cardapio-web.atlassian.net/browse/GWT-2728,Concluído,https://cardapio-web.atlassian.net/wiki/x/BoAne,16/06/2026,23/06/2026,Validada,Taxa de resposta a primeira mensagem,"32,60%",,,,,,,,,,,,,,,,,,,,,,,"0,00%","11,10%","0,00%","45,47%","49,23%","55,00%","16,67%","0,00%",,,,,,,
,,Alexandre,Pizzaria,,,,21/06/2026,27/06/2026,,,"27,90%",,,,,,,,,,,,,,,,,,,,,,,"50,00%","37,50%","27,30%","50,00%","66,70%","75,00%","40,00%","22,20%",,,,,,,
,,Alexandre,Hamburgueria,,,,22/06/2026,28/06/2026,,,"38,60%",,,,,,,,,,,,,,,,,,,,,,,"50,00%","63,20%","53,80%","36,40%","66,70%","50,00%","53,80%","50,00%",,,,,,,
,,Alexandre,Restaurante,,,,23/06/2026,29/06/2026,,,"26,60%",,,,,,,,,,,,,,,,,,,,,,,"41,70%","66,70%","18,20%","50,00%","14,30%","40,00%","71,40%","33,30%",,,,,,,
EXP-17,SM-29,Alexandre,Teste de lembrete de call em Vídeo,https://cardapio-web.atlassian.net/browse/GWT-2610,Concluído,https://cardapio-web.atlassian.net/wiki/x/D4Ame,17/06/2026,24/06/2026,Validada,Taxa de no-show,50%,,,,,,,,,,,,,,,,,,,,,,,,"33,30%","0,00%",-,-,-,50%,"0,00%",-,,,,,,
EXP-18,SM-29,Alexandre,Envio do link da reunião 10 min antes da call,https://cardapio-web.atlassian.net/browse/GWT-2726,Concluído,https://cardapio-web.atlassian.net/wiki/x/BgAme,17/06/2026,24/06/2026,Validada,Taxa de no-show,50%,,,,,,,,,,,,,,,,,,,,,,,,"33,30%","0,00%",50%,-,-,50%,"40,00%","0,00%",,,,,,
EXP-44,SM-29,Alexandre,[HIP] Teste 3 Heros na Lp de Meta ADS,https://cardapio-web.atlassian.net/browse/GWT-2781?search_id=f5396193-fd1c-4692-83d6-8595ea7a1de7,Concluído,https://cardapio-web.atlassian.net/wiki/x/BABDeQ,18/06/2026,25/06/2026,Inconclusiva,Taxa de conversão,"12,37%",,,,,,,,,,,,,,,,,,,,,,,,,"1,33%","19,67%","0,47%","4,23%","16,57%","7,03%","0,57%","15,33%",,,,,
,,Alexandre,Hero 1,,,,,,,,,,,,,,,,,,,,,,,,,,,,,,,,,18%,12%,0%,0%,12%,20%,1%,28%,,,,,
,,Alexandre,Hero 2,,,,,,,,,,,,,,,,,,,,,,,,,,,,,,,,,16%,33%,1%,12%,37%,1%,1%,18%,,,,,
,,Alexandre,Hero 3,,,,,,,,,,,,,,,,,,,,,,,,,,,,,,,,,14%,14%,0%,1%,1%,0%,0%,0%,,,,,
EXP-27,SM-29,Alexandre,Mensagem automática quando lead entra na reunião e especialista demora a responder,https://cardapio-web.atlassian.net/browse/GWT-2732,,,,,,,50%,,,,,,,,,,,,,,,,,,,,,,,,,,-,-,-,-,-,-,-,-,,,,
EXP-28,SM-29,Alexandre,Formulário dinâmico na LP de TQL,https://cardapio-web.atlassian.net/browse/GWT-2742,Concluído,https://cardapio-web.atlassian.net/wiki/x/AQBheQ,24/06/2026,30/06/2026,Inconclusiva,Taxa de conversão TQL,"20,17%",,,,,,,,,,,,,,,,,,,,,,,,,,,,,,,,,,,,,
EXP-49,SM-30,Alexandre,[HIP] Follow up descontraído da Clara,https://cardapio-web.atlassian.net/browse/GWT-2860?search_id=80eb2fcd-bb1b-44dd-90ff-c3282ac0c2ad,Rodando,,16/07/2026,23/07/2026,,Taxa de resposta ao 3° follow-up,"6,40%",,,,,,,,,,,,,,,,,,,,,,,,,,,,,,,,,,,,,
EXP-50,SM-30,Alexandre,[HIP] Reagendamento com 2 horários concretos quando der no-show ,https://cardapio-web.atlassian.net/browse/GWT-2862?search_id=7e3e4d06-f637-439f-8d2f-c4e8fcd6a5bf,Rodando,,06/07/2026,13/07/2026,,,,,,,,,,,,,,,,,,,,,,,,,,,,,,,,,,,,,,,,
EXP-09,SM-30,Alexandre,Reativação de leads frios da base (RD Station),https://cardapio-web.atlassian.net/browse/GWT-2614,Desenhado,,,,,Taxa de reengajamento (% que volta ao funil),(a calibrar),,,,,,,,,,,,,,,,,,,,,,,,,,,,,,,,,,,,,
EXP-29,SM-29,Alexandre,Implementar Página de TQL com vídeo,https://cardapio-web.atlassian.net/browse/GWT-2744,Desenhado,,,,,,,,,,,,,,,,,,,,,,,,,,,,,,,,,,,,,,,,,,,
EXP-42,SM-29,Alexandre,[HIP] LP de SQL com formulário posicionado mais embaixo,https://cardapio-web.atlassian.net/browse/GWT-2734?search_id=36629dfa-05cb-48ac-8fab-701d3bcb4e6c,Desenhado,,,,,Taxa de conversão,"12,37%",,,,,,,,,,,,,,,,,,,,,,,,,,,,,,,,,,,,,
EXP-43,SM-29,Alexandre,[HIP] LP de TQL com vídeo sobre 'como é trabalhar no comercial da CW',https://cardapio-web.atlassian.net/browse/GWT-2744?search_id=fb17782c-a794-4655-8585-7968555249d0,Desenhado,,,,,,,,,,,,,,,,,,,,,,,,,,,,,,,,,,,,,,,,,,,
EXP-48,SM-30,Alexandre,[HIP] Prova social localizada por segmento na Clara,https://cardapio-web.atlassian.net/browse/GWT-2858?search_id=231c70f6-0f9e-4a21-a4e8-9c8987feae74,Desenhado,,,,,,,,,,,,,,,,,,,,,,,,,,,,,,,,,,,,,,,,,,,